order_id,customer_id,restaurant_id,order_date,total_amount,status
1,195,179,2025-11-16,1966.13,Delivered
2,490,197,2025-04-26,1039.26,Delivered
3,795,735,2025-08-09,1625.48,Delivered
4,881,89,2025-02-18,924.15,Cancelled
5,182,799,2025-07-19,964.92,Pending
6,962,434,2025-09-14,889.19,Cancelled
7,817,788,2025-06-24,1494.34,Pending
8,656,748,2025-04-23,1185.53,Delivered
9,898,183,2025-02-18,1898.8,Pending
10,316,209,2025-01-05,651.6,Delivered
11,694,493,2025-12-16,381.01,Delivered
12,30,130,2025-08-25,907.87,Cancelled
13,596,665,2025-02-05,1310.08,Delivered
14,678,13,2025-11-01,1749.44,Cancelled
15,796,634,2025-07-15,823.15,Pending
16,793,871,2025-10-24,1376.82,Pending
17,96,732,2025-03-20,830.36,Delivered
18,381,106,2025-05-18,1311.0,Cancelled
19,778,375,2025-04-02,1792.65,Delivered
20,444,582,2025-04-04,616.44,Cancelled
21,298,707,2025-08-02,927.63,Cancelled
22,808,698,2025-08-13,1987.88,Cancelled
23,737,99,2025-11-24,1763.4,Pending
24,845,594,2025-02-08,1216.35,Cancelled
25,361,587,2025-07-03,1129.93,Pending
26,374,886,2025-02-25,712.28,Cancelled
27,554,852,2025-10-10,1130.98,Pending
28,303,192,2025-09-06,1726.73,Pending
29,421,325,2025-04-16,1433.31,Pending
30,246,979,2025-06-10,722.08,Delivered
31,720,726,2025-06-26,562.64,Cancelled
32,237,827,2025-11-24,677.38,Delivered
33,534,956,2025-07-18,505.57,Cancelled
34,185,467,2025-08-29,372.15,Cancelled
35,468,894,2025-02-11,954.45,Delivered
36,754,367,2025-03-11,403.94,Pending
37,363,318,2025-10-22,509.44,Cancelled
38,283,144,2025-11-11,1185.18,Pending
39,553,384,2025-01-06,496.28,Delivered
40,336,216,2025-08-11,314.98,Pending
41,162,361,2025-07-16,771.3,Cancelled
42,160,324,2025-06-08,596.57,Cancelled
43,474,15,2025-09-12,1127.55,Cancelled
44,601,217,2025-11-02,384.26,Delivered
45,322,492,2025-09-06,1553.19,Cancelled
46,12,951,2025-05-02,1831.22,Delivered
47,424,547,2025-08-23,1538.18,Pending
48,73,183,2025-01-08,1159.09,Cancelled
49,588,270,2025-05-12,1749.2,Cancelled
50,858,945,2025-04-01,1450.85,Cancelled
51,201,467,2025-02-05,218.99,Pending
52,522,870,2025-05-21,909.36,Cancelled
53,864,612,2025-10-14,1731.71,Delivered
54,505,519,2025-09-21,822.55,Pending
55,738,542,2025-02-02,263.39,Pending
56,688,467,2025-08-17,1543.12,Pending
57,788,305,2025-08-05,1643.67,Pending
58,39,985,2025-01-04,489.07,Pending
59,60,144,2025-09-01,1167.21,Delivered
60,578,111,2025-11-09,545.52,Pending
61,321,232,2025-05-01,1494.62,Cancelled
62,435,691,2025-08-03,688.79,Pending
63,636,584,2025-07-19,769.19,Pending
64,676,722,2025-05-15,1720.95,Pending
65,408,732,2025-05-30,1057.38,Pending
66,923,592,2025-03-14,1405.56,Pending
67,386,500,2025-06-13,924.27,Delivered
68,671,595,2025-10-22,736.41,Delivered
69,569,554,2025-08-27,1325.86,Pending
70,78,273,2025-04-09,478.74,Delivered
71,194,703,2025-08-23,871.4,Cancelled
72,285,173,2025-06-25,576.27,Pending
73,527,973,2025-07-30,1452.43,Cancelled
74,524,7,2025-01-24,1899.58,Cancelled
75,613,155,2025-09-18,1991.92,Pending
76,156,522,2025-06-21,1010.5,Cancelled
77,340,546,2025-12-11,654.55,Cancelled
78,125,548,2025-06-19,997.09,Cancelled
79,871,921,2025-03-06,1725.08,Pending
80,280,518,2025-11-23,570.81,Pending
81,917,920,2025-09-01,1913.77,Cancelled
82,906,914,2025-05-23,815.36,Pending
83,622,215,2025-06-10,1974.45,Pending
84,846,134,2025-04-22,1709.5,Cancelled
85,869,285,2025-10-16,1655.43,Pending
86,658,126,2025-09-03,772.23,Delivered
87,728,921,2025-07-03,215.8,Pending
88,910,439,2025-02-25,887.84,Delivered
89,674,849,2025-09-04,743.26,Cancelled
90,128,686,2025-10-17,267.31,Pending
91,314,152,2025-01-27,1109.66,Cancelled
92,332,331,2025-10-09,925.46,Cancelled
93,150,538,2025-12-23,1342.2,Cancelled
94,454,383,2025-08-25,1318.14,Cancelled
95,36,115,2025-05-30,417.34,Cancelled
96,685,894,2025-03-06,1958.54,Pending
97,420,482,2025-09-18,536.48,Delivered
98,22,284,2025-12-02,1001.49,Pending
99,206,899,2025-07-18,1078.61,Pending
100,639,75,2025-11-13,1663.51,Pending
101,848,166,2025-01-03,378.61,Pending
102,957,189,2025-10-08,971.56,Delivered
103,356,78,2025-04-28,1331.3,Pending
104,440,947,2025-10-25,587.28,Cancelled
105,729,602,2025-08-08,1329.44,Pending
106,96,688,2025-07-01,1862.6,Pending
107,929,21,2025-07-17,1995.53,Delivered
108,941,566,2025-10-23,258.41,Delivered
109,164,184,2025-12-12,624.06,Cancelled
110,148,871,2025-10-17,758.55,Pending
111,530,222,2025-09-15,918.43,Pending
112,294,827,2025-05-05,636.06,Pending
113,195,328,2025-03-01,566.28,Cancelled
114,663,179,2025-06-27,1918.2,Delivered
115,480,788,2025-10-02,1853.34,Cancelled
116,877,112,2025-01-23,284.59,Pending
117,123,736,2025-02-23,809.86,Delivered
118,400,726,2025-02-03,929.27,Delivered
119,699,59,2025-09-02,630.23,Cancelled
120,965,327,2025-01-18,1331.97,Delivered
121,452,905,2025-12-29,1352.69,Delivered
122,661,621,2025-07-15,1730.91,Pending
123,104,897,2025-06-08,1533.56,Pending
124,755,669,2025-12-31,1176.63,Delivered
125,462,191,2025-05-21,1376.46,Delivered
126,743,200,2025-02-20,693.18,Cancelled
127,991,312,2025-05-24,1267.5,Cancelled
128,718,708,2025-08-28,1080.61,Delivered
129,710,35,2025-07-03,440.02,Pending
130,396,379,2025-01-08,636.58,Delivered
131,912,387,2025-06-29,725.05,Delivered
132,337,758,2025-11-13,1863.76,Pending
133,599,237,2025-02-04,614.7,Pending
134,142,616,2025-07-08,720.64,Cancelled
135,317,519,2025-11-07,864.84,Cancelled
136,711,283,2025-07-15,1394.74,Cancelled
137,558,1,2025-03-26,412.83,Cancelled
138,800,731,2025-12-20,1917.1,Pending
139,527,464,2025-09-19,1758.03,Delivered
140,556,230,2025-07-12,1238.99,Cancelled
141,401,967,2025-03-24,1413.27,Cancelled
142,681,172,2025-09-23,229.99,Pending
143,310,87,2025-01-13,810.1,Pending
144,495,553,2025-02-11,1632.19,Delivered
145,556,123,2025-01-12,339.47,Delivered
146,610,843,2025-08-07,708.16,Pending
147,773,298,2025-06-23,1253.53,Cancelled
148,109,885,2025-11-13,661.54,Cancelled
149,795,929,2025-04-01,1881.16,Cancelled
150,372,690,2025-05-01,435.91,Delivered
151,855,575,2025-03-31,1635.31,Cancelled
152,616,484,2025-10-07,1114.31,Cancelled
153,768,165,2025-04-25,1550.6,Pending
154,891,699,2025-06-10,759.29,Cancelled
155,206,383,2025-07-12,1126.08,Pending
156,847,209,2025-12-15,1742.3,Cancelled
157,43,739,2025-02-09,1040.38,Delivered
158,865,432,2025-06-12,847.5,Cancelled
159,245,389,2025-05-03,1165.08,Cancelled
160,287,560,2025-11-09,1491.25,Pending
161,355,224,2025-08-18,998.41,Pending
162,785,3,2025-07-17,1889.98,Pending
163,476,372,2025-06-09,730.9,Cancelled
164,83,687,2025-09-15,1055.83,Cancelled
165,110,446,2025-02-16,1562.47,Delivered
166,950,611,2025-04-30,1440.42,Cancelled
167,190,116,2025-12-09,1754.55,Delivered
168,983,270,2025-10-10,1994.26,Pending
169,800,447,2025-08-05,968.34,Pending
170,936,368,2025-07-06,400.07,Pending
171,909,253,2025-01-08,254.75,Delivered
172,251,317,2025-11-17,1508.38,Cancelled
173,724,415,2025-07-13,1773.22,Pending
174,291,95,2025-05-23,597.28,Cancelled
175,645,785,2025-08-25,485.21,Cancelled
176,201,892,2025-06-08,311.97,Pending
177,797,24,2025-11-21,1680.87,Delivered
178,326,628,2025-04-03,760.49,Cancelled
179,511,663,2025-11-12,923.05,Pending
180,409,850,2025-03-07,1104.95,Cancelled
181,607,50,2025-08-14,1711.02,Cancelled
182,790,502,2025-10-21,1371.5,Cancelled
183,962,718,2025-09-19,1307.12,Cancelled
184,941,498,2025-03-20,516.21,Cancelled
185,837,335,2025-04-11,1123.74,Delivered
186,508,79,2025-02-26,1487.69,Delivered
187,731,582,2025-09-20,1951.87,Pending
188,601,27,2025-08-17,562.53,Delivered
189,72,271,2025-12-18,217.18,Delivered
190,247,562,2025-05-14,335.54,Delivered
191,641,804,2025-02-08,876.53,Cancelled
192,724,247,2025-05-08,1676.98,Cancelled
193,940,776,2025-03-01,212.86,Pending
194,855,591,2025-10-07,1022.12,Pending
195,608,387,2025-12-31,792.62,Pending
196,587,702,2025-12-01,294.47,Cancelled
197,935,559,2025-05-04,1010.43,Delivered
198,566,973,2025-10-02,658.55,Delivered
199,344,361,2025-08-13,833.39,Cancelled
200,971,866,2025-06-22,1470.11,Pending
201,925,984,2025-02-03,1138.79,Pending
202,54,488,2025-04-18,424.37,Pending
203,730,352,2025-05-16,1930.55,Cancelled
204,528,701,2025-08-31,1344.64,Pending
205,611,928,2025-08-22,1578.56,Pending
206,532,256,2025-12-05,342.58,Cancelled
207,558,222,2025-02-21,284.71,Delivered
208,963,884,2025-06-06,235.01,Cancelled
209,193,753,2025-03-03,539.83,Cancelled
210,895,781,2025-05-27,945.94,Cancelled
211,58,1,2025-12-20,1884.49,Cancelled
212,437,546,2025-11-24,1022.71,Delivered
213,111,446,2025-06-15,722.46,Pending
214,129,79,2025-04-04,1211.48,Cancelled
215,849,236,2025-11-12,401.48,Delivered
216,706,334,2025-05-03,1297.11,Pending
217,925,889,2025-03-15,1223.18,Pending
218,852,349,2025-10-21,1625.59,Pending
219,326,98,2025-02-21,1976.04,Cancelled
220,8,82,2025-08-31,651.57,Cancelled
221,29,502,2025-06-24,1117.38,Pending
222,112,967,2025-04-12,1835.96,Pending
223,947,477,2025-05-02,1613.34,Pending
224,673,927,2025-08-13,1077.33,Pending
225,131,704,2025-05-30,1901.67,Pending
226,188,765,2025-02-18,303.03,Pending
227,675,921,2025-07-30,1875.8,Delivered
228,709,550,2025-01-25,290.91,Pending
229,475,14,2025-10-05,1185.15,Cancelled
230,364,392,2025-11-19,1802.79,Cancelled
231,204,347,2025-08-02,672.9,Cancelled
232,212,310,2025-03-05,1050.05,Pending
233,621,386,2025-01-31,783.79,Cancelled
234,276,209,2025-12-21,1913.86,Delivered
235,73,357,2025-03-17,1682.56,Pending
236,679,974,2025-02-19,1476.2,Cancelled
237,772,601,2025-08-17,1257.73,Delivered
238,243,568,2025-01-26,1677.07,Delivered
239,787,94,2025-02-12,906.08,Cancelled
240,102,93,2025-05-08,1005.59,Delivered
241,987,340,2025-05-25,1514.0,Cancelled
242,685,597,2025-11-06,843.96,Delivered
243,171,445,2025-01-22,315.02,Pending
244,653,757,2025-09-12,333.8,Pending
245,909,22,2025-03-29,407.65,Pending
246,188,291,2025-07-30,1765.43,Pending
247,441,485,2025-11-01,1050.01,Pending
248,86,784,2025-07-10,1483.19,Cancelled
249,476,306,2025-04-23,907.24,Pending
250,52,634,2025-09-24,665.68,Pending
251,111,128,2025-06-08,824.95,Pending
252,949,625,2025-07-29,1629.53,Pending
253,877,939,2025-09-05,1325.39,Delivered
254,854,273,2025-12-02,1887.75,Pending
255,43,848,2025-01-29,1423.47,Pending
256,211,442,2025-01-15,1226.33,Cancelled
257,968,503,2025-12-18,1298.35,Delivered
258,200,130,2025-12-16,1896.27,Cancelled
259,810,132,2025-01-03,1618.76,Pending
260,858,597,2025-12-02,243.27,Cancelled
261,752,935,2025-05-03,1161.45,Cancelled
262,627,482,2025-08-07,1439.01,Pending
263,26,862,2025-06-27,1547.66,Delivered
264,919,390,2025-02-06,583.66,Delivered
265,299,593,2025-07-04,1760.92,Cancelled
266,77,999,2025-07-14,1920.52,Pending
267,924,985,2025-12-08,626.09,Cancelled
268,137,325,2025-12-06,1788.71,Cancelled
269,20,69,2025-01-07,374.56,Cancelled
270,440,660,2025-06-29,300.27,Pending
271,211,448,2025-10-22,432.6,Pending
272,752,528,2025-08-26,303.93,Delivered
273,551,819,2025-04-14,1721.02,Pending
274,435,617,2025-11-28,306.29,Cancelled
275,780,165,2025-04-29,689.0,Cancelled
276,207,488,2025-02-10,386.76,Delivered
277,991,713,2025-11-16,731.76,Pending
278,439,709,2025-07-26,363.01,Cancelled
279,974,426,2025-05-08,1402.41,Delivered
280,779,697,2025-06-12,439.99,Delivered
281,666,834,2025-06-26,1733.32,Cancelled
282,42,265,2025-08-06,1670.94,Cancelled
283,411,875,2025-11-04,224.59,Pending
284,523,612,2025-06-05,1812.31,Delivered
285,806,342,2025-09-17,252.1,Cancelled
286,610,832,2025-04-26,631.36,Delivered
287,427,726,2025-12-27,258.3,Pending
288,275,278,2025-12-05,804.52,Cancelled
289,448,674,2025-06-05,1124.96,Pending
290,902,439,2025-01-24,1633.96,Delivered
291,942,157,2025-12-20,808.37,Pending
292,884,422,2025-08-25,1469.88,Pending
293,742,251,2025-09-12,537.51,Delivered
294,369,878,2025-12-25,1551.08,Pending
295,938,609,2025-03-16,624.79,Delivered
296,220,530,2025-12-27,458.38,Cancelled
297,577,327,2025-06-15,533.74,Delivered
298,867,961,2025-07-28,527.71,Delivered
299,232,895,2025-08-05,1123.15,Cancelled
300,328,97,2025-04-11,1720.64,Delivered
301,443,513,2025-12-31,343.29,Cancelled
302,52,216,2025-07-22,1472.52,Cancelled
303,886,132,2025-06-17,1377.82,Delivered
304,943,260,2025-01-14,1770.54,Pending
305,376,125,2025-11-23,639.47,Pending
306,263,82,2025-08-23,1010.2,Cancelled
307,267,283,2025-02-18,1866.49,Pending
308,359,683,2025-04-02,1387.99,Pending
309,317,59,2025-10-15,899.78,Delivered
310,324,544,2025-11-04,436.54,Cancelled
311,921,161,2025-02-03,672.47,Cancelled
312,908,284,2025-06-28,1246.19,Delivered
313,666,106,2025-12-20,1492.7,Pending
314,870,105,2025-02-15,423.96,Cancelled
315,878,439,2025-07-17,1279.28,Pending
316,652,228,2025-08-07,1190.63,Cancelled
317,939,700,2025-02-02,1125.12,Cancelled
318,563,582,2025-09-23,1442.22,Cancelled
319,629,318,2025-08-09,1707.41,Cancelled
320,421,464,2025-02-10,781.38,Pending
321,46,802,2025-07-26,1800.22,Pending
322,821,599,2025-08-22,489.14,Pending
323,600,882,2025-09-06,511.44,Pending
324,720,874,2025-04-16,680.19,Delivered
325,889,472,2025-02-16,415.16,Cancelled
326,269,56,2025-04-25,614.57,Cancelled
327,601,625,2025-06-27,391.54,Cancelled
328,381,13,2025-01-28,1679.15,Delivered
329,118,440,2025-09-06,450.14,Pending
330,566,18,2025-01-16,1545.14,Cancelled
331,953,694,2025-05-18,286.24,Pending
332,116,973,2025-05-03,1907.34,Pending
333,630,113,2025-06-04,1480.09,Delivered
334,260,229,2025-04-15,212.23,Delivered
335,75,171,2025-03-21,1574.94,Pending
336,480,295,2025-04-18,1125.35,Cancelled
337,305,189,2025-10-16,1602.86,Cancelled
338,7,426,2025-05-02,1140.49,Delivered
339,366,977,2025-02-04,1353.84,Delivered
340,634,79,2025-03-08,1615.4,Delivered
341,523,658,2025-10-13,929.19,Delivered
342,348,919,2025-06-17,204.87,Delivered
343,438,182,2025-07-28,1729.9,Delivered
344,215,499,2025-02-14,885.6,Delivered
345,429,798,2025-02-01,1092.88,Cancelled
346,791,762,2025-03-11,213.98,Delivered
347,498,866,2025-11-25,1085.77,Delivered
348,540,826,2025-06-23,1975.68,Cancelled
349,747,708,2025-02-13,700.88,Cancelled
350,367,835,2025-12-14,911.75,Pending
351,313,71,2025-03-28,1436.94,Delivered
352,538,248,2025-09-02,1666.63,Delivered
353,921,146,2025-01-11,951.3,Delivered
354,54,618,2025-05-24,757.4,Delivered
355,541,775,2025-01-17,1888.09,Pending
356,467,296,2025-08-01,1418.86,Cancelled
357,865,582,2025-05-18,414.24,Cancelled
358,164,470,2025-12-19,324.07,Delivered
359,782,506,2025-04-22,1070.39,Delivered
360,334,193,2025-10-15,596.16,Delivered
361,547,68,2025-12-27,657.17,Pending
362,798,494,2025-06-21,1779.85,Pending
363,348,817,2025-08-18,361.22,Cancelled
364,273,52,2025-08-22,1487.66,Delivered
365,963,882,2025-05-16,688.06,Delivered
366,720,363,2025-11-11,1568.59,Delivered
367,750,797,2025-06-17,1500.34,Delivered
368,414,917,2025-06-20,213.31,Pending
369,500,474,2025-06-30,1116.44,Cancelled
370,93,846,2025-06-08,450.78,Cancelled
371,685,521,2025-10-06,1759.21,Pending
372,79,763,2025-02-08,1768.85,Delivered
373,622,431,2025-06-15,953.02,Cancelled
374,217,844,2025-11-27,999.91,Cancelled
375,947,298,2025-01-24,745.91,Pending
376,358,435,2025-03-01,1489.89,Delivered
377,618,696,2025-03-14,845.59,Cancelled
378,507,691,2025-05-07,682.03,Delivered
379,559,198,2025-01-09,978.02,Cancelled
380,181,128,2025-09-20,364.68,Pending
381,576,532,2025-05-04,1543.89,Delivered
382,246,984,2025-05-08,222.67,Pending
383,244,411,2025-11-25,1360.07,Cancelled
384,506,934,2025-11-02,529.16,Pending
385,422,840,2025-05-02,618.33,Pending
386,320,65,2025-01-13,1344.14,Pending
387,87,694,2025-08-05,1987.3,Cancelled
388,217,241,2025-01-10,1599.89,Delivered
389,490,369,2025-10-22,606.51,Pending
390,519,536,2025-10-27,516.84,Delivered
391,278,384,2025-07-15,1759.22,Cancelled
392,849,431,2025-02-23,999.53,Delivered
393,722,967,2025-10-22,446.7,Pending
394,169,83,2025-10-02,1751.98,Pending
395,330,982,2026-01-01,1668.97,Pending
396,650,831,2025-08-13,1971.03,Pending
397,441,697,2025-10-16,1837.54,Pending
398,391,951,2025-10-12,1733.22,Pending
399,496,828,2025-02-12,294.63,Cancelled
400,381,611,2025-11-20,387.95,Cancelled
401,306,574,2025-12-25,1224.17,Cancelled
402,742,286,2025-11-10,1156.66,Delivered
403,987,989,2025-01-02,1024.33,Delivered
404,820,534,2025-06-21,914.22,Cancelled
405,673,459,2025-04-22,976.18,Delivered
406,513,212,2025-09-06,1224.74,Delivered
407,748,126,2025-10-15,203.74,Pending
408,949,413,2025-03-21,669.28,Pending
409,188,499,2025-11-29,1132.9,Delivered
410,930,425,2025-08-30,1499.99,Delivered
411,516,554,2025-11-10,513.48,Cancelled
412,913,610,2025-01-25,1184.39,Delivered
413,644,961,2025-04-18,1486.03,Pending
414,427,543,2025-05-01,1000.33,Delivered
415,502,158,2025-07-07,248.75,Cancelled
416,730,112,2025-07-31,1008.68,Pending
417,260,402,2025-10-25,733.6,Pending
418,513,759,2025-10-01,1873.37,Pending
419,71,122,2025-08-17,424.3,Pending
420,478,273,2025-10-04,1374.46,Delivered
421,178,294,2025-03-26,294.9,Cancelled
422,457,398,2025-06-18,1003.11,Delivered
423,189,471,2025-05-31,1197.16,Delivered
424,291,985,2025-08-22,736.32,Pending
425,520,207,2025-03-30,1019.14,Cancelled
426,765,110,2025-05-02,494.4,Pending
427,920,440,2025-05-21,747.42,Delivered
428,979,278,2025-09-18,1317.99,Delivered
429,292,963,2025-04-24,743.24,Pending
430,946,568,2025-07-09,1819.54,Delivered
431,756,887,2025-03-08,1331.13,Delivered
432,635,915,2025-04-08,989.57,Pending
433,811,569,2025-11-03,269.76,Delivered
434,283,940,2025-11-11,1099.19,Cancelled
435,544,482,2025-04-24,1576.6,Pending
436,846,803,2025-08-12,678.0,Cancelled
437,377,114,2025-07-27,1652.19,Delivered
438,658,893,2025-03-26,653.25,Delivered
439,156,897,2025-05-08,1682.74,Pending
440,508,820,2025-07-02,353.48,Delivered
441,413,853,2025-07-07,1759.13,Pending
442,528,477,2025-03-29,1098.54,Pending
443,355,710,2025-08-17,733.77,Pending
444,559,933,2025-11-18,677.2,Pending
445,763,321,2025-05-22,977.62,Pending
446,187,179,2025-07-23,1998.29,Cancelled
447,31,897,2025-11-20,596.59,Pending
448,260,219,2025-03-20,385.79,Cancelled
449,421,789,2025-04-13,1253.06,Delivered
450,529,949,2025-10-13,1079.38,Pending
451,551,528,2025-07-25,1143.55,Delivered
452,304,492,2025-11-23,1400.48,Pending
453,942,891,2025-10-04,680.86,Cancelled
454,986,61,2025-11-20,1839.2,Cancelled
455,944,54,2025-01-11,984.21,Cancelled
456,39,680,2025-04-12,432.36,Delivered
457,489,538,2025-10-27,1536.14,Pending
458,644,848,2025-07-16,1357.59,Delivered
459,542,988,2025-03-06,768.34,Cancelled
460,670,65,2025-09-27,1318.73,Delivered
461,278,612,2025-10-18,595.75,Cancelled
462,203,586,2025-07-20,1000.71,Cancelled
463,66,704,2025-06-01,1818.94,Cancelled
464,108,171,2025-01-27,440.36,Pending
465,268,273,2025-05-23,896.05,Pending
466,222,889,2025-08-17,1678.06,Cancelled
467,804,699,2025-06-09,1945.08,Delivered
468,530,535,2025-05-25,1017.07,Delivered
469,90,391,2025-09-29,1112.6,Pending
470,693,940,2025-01-27,1229.91,Cancelled
471,255,693,2025-03-16,1878.23,Delivered
472,455,327,2025-02-21,1744.77,Cancelled
473,253,108,2025-10-11,507.08,Delivered
474,257,847,2025-04-14,986.16,Pending
475,383,162,2025-03-25,1035.2,Cancelled
476,442,814,2025-05-31,1620.37,Cancelled
477,858,452,2025-06-14,1285.21,Delivered
478,599,206,2025-10-19,1377.6,Delivered
479,90,590,2025-06-06,1996.76,Delivered
480,749,16,2025-05-28,334.93,Cancelled
481,390,327,2025-04-06,601.42,Pending
482,582,608,2025-11-11,934.21,Pending
483,44,659,2025-12-12,826.01,Delivered
484,712,2,2025-08-11,238.96,Pending
485,664,10,2025-10-24,365.2,Delivered
486,598,434,2025-04-08,1425.72,Pending
487,19,125,2025-02-26,1782.78,Cancelled
488,101,81,2025-07-28,1125.61,Delivered
489,914,485,2025-06-06,1170.54,Pending
490,607,652,2025-06-06,659.17,Cancelled
491,766,838,2025-05-11,1582.18,Pending
492,357,150,2025-04-06,1553.23,Cancelled
493,542,800,2025-06-30,1259.06,Cancelled
494,761,873,2025-08-29,582.8,Pending
495,938,340,2025-03-07,374.63,Pending
496,33,129,2025-11-08,315.63,Cancelled
497,970,438,2025-03-09,1266.85,Cancelled
498,229,751,2025-07-24,1685.06,Cancelled
499,524,501,2025-09-20,1744.99,Delivered
500,630,58,2025-05-21,1034.52,Cancelled
501,862,198,2025-01-16,1611.69,Delivered
502,155,211,2025-11-13,1904.38,Cancelled
503,423,914,2025-02-18,695.31,Delivered
504,905,902,2025-01-20,916.33,Cancelled
505,246,45,2025-04-26,1876.66,Cancelled
506,405,97,2025-05-03,808.82,Cancelled
507,844,279,2025-05-30,1844.98,Pending
508,759,535,2025-08-26,1965.88,Pending
509,541,410,2025-08-15,1391.26,Cancelled
510,161,461,2025-09-08,1670.4,Delivered
511,747,391,2025-12-08,1549.18,Delivered
512,702,847,2026-01-01,1459.16,Cancelled
513,117,44,2025-03-24,752.48,Pending
514,271,27,2025-04-05,302.77,Delivered
515,770,794,2025-09-23,817.49,Pending
516,692,97,2025-09-08,1400.48,Delivered
517,487,975,2025-08-09,384.55,Cancelled
518,885,548,2025-03-04,221.45,Pending
519,172,621,2025-06-19,451.45,Delivered
520,950,567,2025-05-31,1488.32,Cancelled
521,274,704,2025-06-26,1951.03,Cancelled
522,259,219,2025-01-09,1969.52,Cancelled
523,135,185,2025-10-12,1089.16,Pending
524,683,69,2025-02-19,1764.83,Pending
525,722,829,2025-06-03,1526.29,Cancelled
526,748,130,2025-11-19,1101.87,Pending
527,422,567,2025-10-14,1230.97,Delivered
528,421,890,2025-02-09,447.01,Cancelled
529,186,609,2025-09-24,1887.79,Cancelled
530,929,848,2025-02-20,833.47,Pending
531,364,599,2025-10-16,1003.07,Cancelled
532,955,806,2025-04-06,1408.99,Delivered
533,607,631,2025-10-28,801.02,Pending
534,378,720,2025-05-31,657.67,Pending
535,523,334,2025-02-21,1335.89,Cancelled
536,580,925,2025-12-22,244.97,Cancelled
537,891,154,2025-03-23,1497.31,Cancelled
538,722,547,2025-11-29,1125.24,Pending
539,196,79,2025-09-11,1290.36,Cancelled
540,881,579,2025-07-30,1337.38,Delivered
541,98,855,2025-07-23,1148.69,Cancelled
542,605,413,2025-03-16,1248.56,Cancelled
543,984,546,2025-02-23,1430.82,Pending
544,22,609,2025-02-09,1555.61,Cancelled
545,450,169,2025-11-04,1509.41,Pending
546,172,681,2025-06-08,1765.31,Cancelled
547,383,663,2025-01-13,541.0,Delivered
548,134,583,2025-07-03,922.07,Delivered
549,426,515,2025-05-05,1906.03,Pending
550,25,314,2025-03-21,913.86,Pending
551,503,32,2025-05-26,424.77,Cancelled
552,185,287,2025-05-31,1145.8,Cancelled
553,85,594,2025-04-20,397.08,Delivered
554,567,43,2025-07-01,565.14,Cancelled
555,763,903,2025-08-26,1996.97,Delivered
556,144,617,2025-03-23,1174.45,Pending
557,863,1,2025-09-03,711.31,Cancelled
558,910,573,2025-06-25,1990.59,Pending
559,679,270,2025-12-04,1939.81,Cancelled
560,412,180,2025-11-28,993.33,Delivered
561,224,736,2025-10-09,668.73,Pending
562,220,518,2025-08-14,1709.12,Pending
563,179,103,2025-07-02,1488.12,Cancelled
564,631,10,2025-09-20,1436.49,Pending
565,433,583,2025-09-25,1807.6,Delivered
566,265,90,2025-06-23,1440.95,Pending
567,954,226,2025-09-05,710.84,Pending
568,429,670,2025-11-25,1448.95,Cancelled
569,662,740,2025-05-28,750.46,Pending
570,416,917,2025-10-02,1566.63,Cancelled
571,453,126,2025-06-03,1315.55,Cancelled
572,727,956,2025-08-06,339.34,Pending
573,197,209,2025-10-02,1123.1,Delivered
574,554,97,2025-11-04,817.94,Cancelled
575,53,74,2025-11-13,791.43,Pending
576,480,627,2025-06-07,1284.06,Cancelled
577,443,191,2025-08-10,780.18,Delivered
578,330,682,2025-09-28,1598.41,Delivered
579,251,819,2025-08-27,327.42,Cancelled
580,807,960,2025-07-06,1388.7,Delivered
581,890,716,2025-09-05,1656.55,Pending
582,783,56,2025-10-28,1411.1,Pending
583,967,720,2025-09-25,1095.01,Cancelled
584,925,553,2025-03-19,1910.55,Delivered
585,123,32,2025-11-29,739.89,Pending
586,879,527,2025-01-29,234.5,Pending
587,387,574,2025-12-07,977.58,Pending
588,339,667,2025-02-22,259.42,Cancelled
589,778,284,2025-07-31,1917.09,Cancelled
590,348,721,2025-09-30,577.85,Pending
591,29,832,2025-06-24,1620.07,Pending
592,975,494,2025-11-01,1594.23,Delivered
593,35,187,2025-07-31,591.91,Delivered
594,518,498,2025-10-09,1318.21,Delivered
595,396,442,2025-12-27,286.54,Cancelled
596,623,130,2025-01-22,1070.43,Pending
597,294,639,2025-05-12,226.36,Cancelled
598,589,292,2025-04-25,1858.06,Pending
599,349,114,2025-02-04,1956.95,Delivered
600,147,199,2025-06-29,600.11,Delivered
601,67,13,2025-05-13,574.59,Delivered
602,904,271,2025-06-26,1556.7,Delivered
603,520,601,2025-09-18,656.08,Pending
604,122,215,2025-02-17,1811.14,Delivered
605,340,444,2025-12-24,1233.07,Pending
606,175,790,2025-05-30,831.4,Pending
607,900,512,2025-07-19,1698.85,Cancelled
608,691,447,2025-02-26,1088.13,Delivered
609,597,986,2025-10-19,1840.94,Delivered
610,451,993,2025-10-22,1870.43,Cancelled
611,557,715,2025-12-01,497.76,Pending
612,136,74,2025-11-13,204.18,Delivered
613,855,537,2025-12-09,1971.08,Pending
614,16,101,2025-05-11,1831.05,Cancelled
615,333,176,2025-04-27,299.8,Pending
616,195,427,2025-10-08,1699.46,Delivered
617,496,117,2025-09-04,1024.05,Pending
618,9,166,2025-03-12,666.13,Pending
619,828,41,2025-01-14,1781.74,Delivered
620,334,429,2025-12-06,554.0,Delivered
621,333,344,2025-08-29,1905.14,Pending
622,327,424,2025-09-27,570.12,Pending
623,15,366,2025-10-23,1304.63,Cancelled
624,839,120,2025-01-08,601.56,Delivered
625,614,609,2025-05-31,1182.2,Pending
626,226,657,2025-09-29,1431.16,Delivered
627,425,728,2025-07-11,542.41,Cancelled
628,790,229,2025-01-31,1137.59,Pending
629,408,825,2025-07-19,1044.31,Pending
630,113,130,2025-11-21,327.87,Pending
631,997,352,2025-05-17,1672.95,Delivered
632,428,889,2025-08-10,804.23,Cancelled
633,1,318,2025-02-07,1234.25,Delivered
634,266,984,2025-11-26,1126.61,Pending
635,491,649,2025-03-30,1123.87,Cancelled
636,208,836,2025-01-11,393.0,Pending
637,622,337,2025-11-30,962.27,Pending
638,712,273,2025-04-30,1014.26,Delivered
639,952,117,2025-04-11,1520.56,Pending
640,369,818,2025-10-25,1712.03,Cancelled
641,985,368,2025-02-12,1180.97,Pending
642,306,94,2025-10-26,356.21,Pending
643,12,168,2025-12-10,626.33,Delivered
644,345,954,2025-05-13,496.88,Cancelled
645,465,715,2026-01-01,424.31,Delivered
646,700,341,2025-12-26,858.62,Pending
647,666,661,2025-03-06,612.91,Delivered
648,494,914,2025-10-26,592.95,Delivered
649,368,695,2025-09-29,298.45,Delivered
650,846,925,2025-01-18,231.81,Delivered
651,937,152,2025-03-26,384.98,Pending
652,420,586,2025-02-02,509.96,Pending
653,889,877,2025-01-14,975.77,Cancelled
654,791,913,2025-03-22,1118.94,Delivered
655,171,274,2025-12-07,453.07,Delivered
656,134,554,2025-02-05,964.61,Cancelled
657,965,496,2025-07-20,815.15,Delivered
658,427,724,2025-11-09,530.16,Cancelled
659,25,101,2025-08-28,212.31,Pending
660,530,557,2025-08-13,1040.63,Cancelled
661,190,82,2025-12-31,1434.17,Delivered
662,141,529,2025-06-09,607.3,Cancelled
663,555,73,2025-11-28,437.25,Pending
664,846,14,2025-03-23,1796.68,Delivered
665,796,433,2025-11-16,695.04,Pending
666,658,157,2025-06-06,602.5,Pending
667,315,735,2025-06-19,1742.77,Cancelled
668,444,132,2025-02-15,1670.79,Pending
669,319,338,2025-04-06,1007.02,Delivered
670,441,404,2025-09-18,1080.63,Pending
671,92,376,2025-04-27,591.95,Pending
672,179,888,2025-04-12,340.94,Cancelled
673,56,559,2025-04-22,1232.18,Pending
674,155,107,2025-10-17,377.02,Cancelled
675,672,620,2025-09-26,1008.69,Cancelled
676,111,265,2025-03-13,1892.89,Delivered
677,137,205,2025-12-09,1915.1,Delivered
678,232,79,2025-04-09,630.8,Delivered
679,992,155,2025-03-03,1323.4,Delivered
680,468,783,2025-09-02,1053.34,Cancelled
681,732,988,2025-01-10,1776.23,Pending
682,481,997,2025-11-02,688.58,Delivered
683,68,247,2025-10-03,206.66,Delivered
684,814,531,2025-02-17,492.61,Delivered
685,249,858,2025-11-03,829.14,Pending
686,994,948,2025-06-21,768.3,Delivered
687,323,538,2025-01-25,1624.45,Pending
688,922,729,2025-10-30,1425.01,Cancelled
689,904,154,2025-05-26,739.2,Cancelled
690,518,154,2025-07-10,1023.94,Cancelled
691,976,686,2025-08-29,372.01,Pending
692,792,92,2025-04-07,1816.66,Delivered
693,432,433,2025-01-13,1883.76,Delivered
694,487,338,2025-08-28,1963.65,Delivered
695,606,480,2025-06-24,1763.4,Delivered
696,429,693,2025-12-10,513.13,Delivered
697,269,131,2025-08-22,283.15,Pending
698,709,450,2025-04-02,1243.27,Cancelled
699,537,993,2025-06-14,1842.69,Delivered
700,148,810,2025-07-18,519.23,Cancelled
701,118,787,2025-09-30,212.68,Pending
702,850,273,2025-05-04,1649.89,Pending
703,367,929,2025-02-23,338.23,Delivered
704,850,588,2025-11-26,944.67,Pending
705,66,177,2025-01-16,1422.0,Cancelled
706,970,696,2025-03-21,626.24,Delivered
707,813,831,2025-04-11,351.13,Delivered
708,370,643,2025-07-22,1586.04,Cancelled
709,175,875,2025-04-06,1334.32,Delivered
710,831,49,2025-04-01,1979.28,Delivered
711,588,567,2025-06-21,819.75,Cancelled
712,495,666,2025-02-11,311.17,Delivered
713,973,355,2025-10-04,1521.83,Delivered
714,114,712,2025-04-29,1139.12,Cancelled
715,111,308,2025-08-16,583.77,Pending
716,761,868,2025-04-17,1607.11,Cancelled
717,439,885,2025-08-15,566.76,Delivered
718,715,630,2025-11-01,669.19,Cancelled
719,147,775,2025-12-15,366.55,Delivered
720,35,46,2025-01-03,918.98,Delivered
721,999,302,2025-08-27,954.07,Cancelled
722,309,868,2025-10-18,1126.21,Delivered
723,538,912,2025-01-18,1476.14,Pending
724,750,408,2025-01-27,1830.98,Delivered
725,14,189,2025-01-08,447.92,Cancelled
726,374,822,2025-08-27,297.83,Pending
727,557,830,2025-11-04,233.36,Pending
728,428,129,2025-07-31,458.52,Delivered
729,728,561,2025-03-08,1384.31,Cancelled
730,233,537,2025-02-18,1509.46,Delivered
731,705,266,2025-03-24,1615.71,Delivered
732,563,118,2025-01-25,638.67,Cancelled
733,939,464,2025-05-07,750.61,Cancelled
734,887,144,2025-01-24,1069.64,Delivered
735,726,442,2025-06-17,313.73,Pending
736,663,200,2025-06-03,1300.05,Delivered
737,440,157,2025-04-01,1970.72,Pending
738,502,487,2025-07-23,849.45,Delivered
739,275,860,2025-12-05,1555.13,Cancelled
740,850,134,2025-06-12,1100.06,Pending
741,76,912,2025-12-09,430.06,Cancelled
742,439,148,2025-09-15,1248.03,Cancelled
743,732,336,2025-05-20,739.77,Cancelled
744,860,71,2025-01-22,261.93,Cancelled
745,956,233,2025-01-21,1342.87,Cancelled
746,699,334,2025-05-03,1746.08,Delivered
747,289,811,2025-03-24,820.59,Pending
748,915,666,2025-05-20,902.53,Delivered
749,540,90,2025-10-28,1803.84,Delivered
750,891,334,2025-05-05,1664.5,Delivered
751,692,199,2025-08-11,1486.92,Cancelled
752,253,161,2025-07-11,647.83,Delivered
753,126,538,2025-07-17,1838.39,Pending
754,177,121,2025-03-18,477.95,Delivered
755,37,301,2025-05-11,1328.19,Cancelled
756,410,724,2025-03-08,251.84,Pending
757,611,575,2025-07-08,1358.7,Pending
758,610,963,2025-10-02,698.86,Pending
759,127,436,2025-07-09,1009.42,Pending
760,483,68,2025-02-02,821.48,Delivered
761,168,765,2025-02-21,510.96,Cancelled
762,592,922,2025-06-27,1319.57,Pending
763,294,459,2025-11-18,1787.56,Pending
764,845,514,2025-09-19,1926.35,Cancelled
765,638,398,2025-04-13,546.22,Delivered
766,343,620,2025-09-28,1491.27,Pending
767,310,286,2025-03-12,1395.81,Delivered
768,662,561,2025-03-16,818.08,Delivered
769,528,140,2025-06-17,234.38,Delivered
770,540,730,2025-07-12,1441.62,Delivered
771,419,556,2025-04-25,1901.89,Pending
772,444,929,2025-02-13,1337.82,Pending
773,685,781,2025-05-15,983.53,Delivered
774,558,590,2025-05-07,1145.28,Delivered
775,840,728,2025-11-21,559.33,Cancelled
776,236,894,2025-10-04,1550.98,Cancelled
777,439,610,2025-08-19,1543.56,Cancelled
778,214,748,2025-01-19,461.93,Pending
779,85,282,2025-11-06,1780.36,Cancelled
780,794,661,2025-04-30,684.54,Pending
781,744,924,2025-02-20,1968.06,Pending
782,85,816,2025-02-17,889.23,Pending
783,921,996,2025-12-27,520.19,Pending
784,489,936,2025-12-03,833.1,Cancelled
785,65,578,2025-03-27,992.32,Delivered
786,646,746,2025-09-16,324.75,Delivered
787,663,457,2025-11-22,1240.79,Delivered
788,627,87,2025-03-08,1275.74,Cancelled
789,64,79,2025-03-12,1530.07,Delivered
790,343,205,2025-01-14,252.51,Cancelled
791,939,791,2025-08-10,1174.23,Cancelled
792,875,337,2025-03-26,295.23,Cancelled
793,919,254,2025-06-28,1462.06,Delivered
794,352,304,2025-10-10,300.31,Delivered
795,158,380,2025-08-28,1841.11,Delivered
796,589,130,2025-07-21,1463.75,Pending
797,491,596,2025-11-22,1113.3,Cancelled
798,658,276,2025-09-02,994.71,Pending
799,855,699,2025-03-11,435.21,Cancelled
800,463,558,2025-02-11,723.8,Delivered
801,225,899,2025-07-21,1764.13,Cancelled
802,917,183,2025-03-17,1828.02,Cancelled
803,313,268,2025-12-12,201.35,Pending
804,615,808,2025-11-10,1269.45,Cancelled
805,919,322,2025-05-01,1494.74,Delivered
806,859,512,2025-12-24,1313.74,Cancelled
807,813,612,2025-04-25,347.02,Cancelled
808,940,78,2025-07-22,591.9,Cancelled
809,466,784,2025-07-02,650.61,Pending
810,88,339,2025-09-18,1697.1,Cancelled
811,883,674,2025-04-01,1033.76,Cancelled
812,303,556,2025-09-08,1076.29,Pending
813,680,509,2025-07-30,1882.81,Pending
814,435,238,2025-10-24,1346.75,Pending
815,682,134,2025-12-18,1817.6,Pending
816,135,973,2025-04-28,1021.72,Delivered
817,50,192,2025-01-01,468.99,Delivered
818,432,356,2025-09-27,1873.88,Cancelled
819,340,278,2025-02-03,1025.67,Delivered
820,347,18,2025-02-24,526.94,Cancelled
821,646,524,2025-07-04,744.31,Delivered
822,347,180,2025-03-02,291.44,Pending
823,649,123,2025-10-17,1042.94,Pending
824,245,246,2025-09-29,1735.63,Delivered
825,109,734,2025-11-17,1880.44,Delivered
826,825,373,2025-11-07,1878.68,Cancelled
827,799,51,2025-02-21,425.41,Cancelled
828,533,1000,2025-05-26,887.7,Cancelled
829,90,71,2025-10-17,250.81,Pending
830,296,480,2025-02-19,1739.3,Pending
831,112,560,2025-11-14,845.76,Pending
832,813,19,2025-10-21,1336.01,Pending
833,589,774,2025-06-10,1486.82,Cancelled
834,177,84,2025-04-21,973.72,Pending
835,343,155,2025-08-11,751.6,Pending
836,660,565,2025-07-08,1931.98,Pending
837,101,619,2025-12-05,1936.08,Pending
838,758,357,2025-12-11,720.99,Delivered
839,629,816,2025-02-26,1063.33,Cancelled
840,604,647,2025-01-23,1951.12,Cancelled
841,401,443,2025-08-20,208.76,Pending
842,28,69,2025-06-10,942.82,Delivered
843,937,523,2026-01-01,380.82,Cancelled
844,962,143,2025-08-08,1116.48,Cancelled
845,537,192,2025-01-23,244.41,Pending
846,58,387,2025-06-26,932.42,Pending
847,498,378,2025-06-25,597.26,Cancelled
848,297,581,2025-12-18,1159.96,Cancelled
849,134,535,2025-01-12,1992.79,Delivered
850,331,693,2025-01-25,1640.96,Cancelled
851,249,293,2025-09-06,1722.16,Cancelled
852,550,9,2025-01-10,1343.48,Pending
853,902,271,2025-04-20,274.81,Cancelled
854,941,387,2025-09-13,572.24,Pending
855,75,93,2025-06-26,1865.12,Cancelled
856,654,966,2025-05-03,859.0,Cancelled
857,834,529,2025-02-24,386.55,Cancelled
858,168,154,2025-03-19,1464.33,Delivered
859,771,405,2025-09-05,739.02,Pending
860,503,840,2025-04-04,683.94,Delivered
861,885,149,2025-07-06,1996.36,Cancelled
862,355,889,2025-10-18,1744.65,Delivered
863,225,267,2025-08-20,934.29,Pending
864,664,422,2025-09-16,1964.47,Cancelled
865,531,840,2025-08-01,1370.2,Delivered
866,146,618,2025-05-29,1535.64,Delivered
867,960,472,2025-11-23,256.72,Pending
868,241,893,2025-09-01,418.89,Delivered
869,884,547,2025-11-02,1339.55,Pending
870,893,631,2025-12-24,1818.24,Cancelled
871,344,526,2025-12-24,1322.74,Cancelled
872,749,503,2025-07-14,441.24,Delivered
873,35,14,2025-09-01,408.37,Cancelled
874,702,778,2025-10-18,1719.53,Cancelled
875,1,652,2025-08-03,450.74,Delivered
876,996,806,2025-07-12,1136.42,Cancelled
877,153,364,2025-10-06,266.8,Delivered
878,429,119,2025-09-22,345.21,Pending
879,945,238,2025-12-14,1410.23,Pending
880,508,546,2025-02-17,1440.53,Pending
881,126,169,2025-04-03,814.64,Delivered
882,491,522,2025-10-31,588.1,Delivered
883,482,634,2025-11-13,1664.68,Cancelled
884,345,913,2025-03-02,590.79,Cancelled
885,912,657,2025-01-21,1175.65,Cancelled
886,738,963,2025-01-12,1942.78,Cancelled
887,221,958,2025-11-13,466.13,Cancelled
888,915,735,2025-02-17,1893.58,Delivered
889,919,883,2025-11-09,529.21,Delivered
890,723,769,2025-10-10,1221.4,Pending
891,25,780,2025-10-01,878.61,Pending
892,528,871,2025-08-17,1936.87,Pending
893,182,516,2025-06-28,692.38,Pending
894,499,938,2025-03-17,919.38,Delivered
895,841,397,2025-05-08,1969.15,Delivered
896,641,866,2025-09-20,1165.65,Delivered
897,42,106,2025-08-01,1104.73,Cancelled
898,915,85,2025-02-13,664.0,Cancelled
899,481,214,2025-08-01,1462.45,Pending
900,930,121,2025-01-04,225.87,Cancelled
901,848,132,2025-10-21,289.12,Delivered
902,748,850,2025-12-07,1278.85,Pending
903,872,197,2025-04-19,815.01,Pending
904,439,19,2025-03-05,1915.97,Cancelled
905,402,642,2025-04-14,1825.74,Pending
906,546,12,2025-09-22,1484.67,Cancelled
907,345,81,2025-10-29,1672.66,Cancelled
908,893,330,2025-03-28,1401.2,Pending
909,45,866,2025-11-14,426.05,Cancelled
910,646,774,2025-05-31,1577.98,Cancelled
911,21,392,2025-09-08,578.35,Cancelled
912,634,637,2025-02-28,782.2,Cancelled
913,70,307,2025-11-17,1674.62,Pending
914,864,267,2025-05-31,1165.75,Delivered
915,873,447,2025-02-14,1747.89,Delivered
916,48,441,2025-12-16,583.46,Cancelled
917,491,895,2025-11-28,1294.0,Cancelled
918,551,652,2025-10-18,350.82,Cancelled
919,287,841,2025-02-18,1357.51,Delivered
920,10,2,2025-12-23,1572.56,Cancelled
921,542,520,2025-11-08,1252.88,Pending
922,756,762,2025-04-15,679.22,Pending
923,274,651,2025-10-06,256.42,Pending
924,956,636,2025-11-23,415.01,Delivered
925,600,309,2025-07-02,1320.15,Cancelled
926,756,740,2025-04-24,1881.96,Cancelled
927,381,522,2025-09-19,571.76,Cancelled
928,329,469,2025-11-04,1523.05,Delivered
929,479,212,2025-06-05,1759.61,Delivered
930,15,112,2025-10-27,1137.59,Delivered
931,516,8,2025-06-22,1404.68,Delivered
932,191,804,2025-01-29,1667.03,Pending
933,168,477,2025-08-04,669.22,Delivered
934,521,874,2025-02-13,734.41,Delivered
935,621,460,2025-02-04,201.13,Delivered
936,137,253,2025-10-07,1933.57,Cancelled
937,154,526,2025-03-16,1851.58,Cancelled
938,388,752,2025-12-03,1576.22,Cancelled
939,209,438,2025-10-09,342.34,Pending
940,272,754,2025-04-03,1005.51,Pending
941,143,981,2025-11-04,383.41,Delivered
942,611,854,2025-09-07,228.66,Cancelled
943,889,661,2025-07-24,1309.13,Pending
944,820,236,2025-04-20,1929.49,Cancelled
945,69,306,2025-09-10,1825.16,Pending
946,247,478,2025-10-04,1454.16,Pending
947,261,679,2025-03-14,373.95,Delivered
948,788,20,2025-10-08,693.5,Delivered
949,79,216,2025-11-26,776.1,Pending
950,658,855,2025-02-22,1573.67,Delivered
951,623,135,2025-11-13,1644.05,Pending
952,770,905,2025-12-11,893.19,Pending
953,605,129,2025-07-26,952.19,Cancelled
954,525,410,2025-11-15,280.12,Delivered
955,772,422,2025-12-02,720.45,Delivered
956,938,294,2025-06-16,1012.31,Delivered
957,621,246,2025-02-25,410.57,Cancelled
958,330,701,2025-04-28,1015.88,Cancelled
959,189,556,2025-03-11,1735.72,Cancelled
960,95,86,2025-11-19,1246.38,Delivered
961,617,556,2025-10-02,342.07,Delivered
962,8,842,2025-02-07,545.01,Delivered
963,67,375,2025-07-02,1054.18,Cancelled
964,496,446,2025-10-28,850.68,Cancelled
965,191,378,2025-03-20,845.71,Pending
966,366,390,2025-04-28,1152.68,Cancelled
967,768,657,2025-07-29,1251.91,Pending
968,521,51,2025-03-13,1634.35,Delivered
969,990,242,2025-11-12,813.74,Cancelled
970,117,294,2025-12-31,1649.84,Delivered
971,267,920,2025-05-27,809.5,Delivered
972,611,563,2025-12-07,299.78,Delivered
973,485,266,2025-05-06,1197.54,Delivered
974,509,120,2025-02-01,1258.22,Cancelled
975,298,712,2026-01-01,1882.17,Delivered
976,909,917,2025-12-27,1506.91,Pending
977,164,248,2025-04-17,1851.99,Cancelled
978,376,70,2025-05-11,1835.02,Delivered
979,653,853,2025-03-01,1288.23,Cancelled
980,268,57,2025-07-11,1149.97,Pending
981,549,382,2025-08-18,1203.39,Delivered
982,74,39,2025-08-19,1961.0,Pending
983,508,984,2025-06-26,1591.7,Delivered
984,73,801,2025-08-04,391.28,Pending
985,308,443,2025-04-10,1601.17,Delivered
986,199,18,2025-11-01,506.97,Cancelled
987,130,952,2025-05-27,1005.23,Delivered
988,758,732,2025-09-14,578.83,Cancelled
989,824,825,2025-06-13,1441.25,Delivered
990,572,756,2025-08-08,1779.16,Delivered
991,791,352,2025-04-17,722.65,Pending
992,615,972,2025-12-18,347.62,Pending
993,808,816,2025-03-11,737.29,Pending
994,832,298,2025-10-31,1410.25,Delivered
995,487,283,2025-10-25,791.77,Delivered
996,853,586,2025-09-08,700.6,Delivered
997,151,110,2025-11-26,531.98,Cancelled
998,669,180,2025-05-04,1095.53,Cancelled
999,206,938,2025-06-03,696.71,Delivered
1000,986,544,2025-01-30,1515.82,Pending
